{
	"credit": "Made with Blockbench",
	"parent": "block/block",
	"textures": {
		"side": "block/anvil_side",
		"base": "block/anvil_base",
		"particle": "block/anvil",
		"body": "block/anvil",
		"top": "anvil_top"
	},
	"elements": [
		{
			"name": "Anvil base",
			"from": [2, 0, 2],
			"to": [14, 4, 14],
			"faces": {
				"north": {"uv": [0, 12, 12, 16], "texture": "#base"},
				"east": {"uv": [0, 16, 12, 12], "rotation": 180, "texture": "#base"},
				"south": {"uv": [0, 12, 12, 16], "texture": "#base"},
				"west": {"uv": [0, 12, 12, 16], "texture": "#base"},
				"up": {"uv": [0, 0, 12, 12], "rotation": 180, "texture": "#base"},
				"down": {"uv": [0, 0, 12, 12], "rotation": 180, "texture": "#base", "cullface": "down"}
			}
		},
		{
			"name": "Lower narrow portion",
			"from": [4, 4, 3],
			"to": [12, 5, 13],
			"faces": {
				"north": {"uv": [13, 0, 14, 8], "rotation": 90, "texture": "#base"},
				"east": {"uv": [13, 0, 12, 10], "rotation": 90, "texture": "#base"},
				"south": {"uv": [13, 0, 14, 8], "rotation": 90, "texture": "#base"},
				"west": {"uv": [12, 0, 13, 10], "rotation": 90, "texture": "#base"},
				"up": {"uv": [8, 6, 16, 16], "rotation": 180, "texture": "#side"}
			}
		},
		{
			"name": "Wider section beneath top portion",
			"from": [6, 5, 4],
			"to": [10, 10, 12],
			"faces": {
				"north": {"uv": [2, 11, 6, 16], "texture": "#side"},
				"east": {"uv": [0, 11, 8, 6], "rotation": 180, "texture": "#side"},
				"south": {"uv": [2, 11, 6, 16], "texture": "#side"},
				"west": {"uv": [0, 6, 8, 11], "texture": "#side"}
			}
		},
		{
			"name": "Anvil top",
			"from": [3, 10, 0],
			"to": [13, 16, 16],
			"faces": {
				"north": {"uv": [3, 0, 13, 6], "texture": "#side"},
				"east": {"uv": [0, 6, 16, 0], "rotation": 180, "texture": "#body"},
				"south": {"uv": [3, 0, 13, 6], "texture": "#side"},
				"west": {"uv": [0, 0, 16, 6], "texture": "#body"},
				"up": {"uv": [3, 0, 13, 16], "rotation": 180, "texture": "#top"},
				"down": {"uv": [0, 6, 16, 16], "rotation": 90, "texture": "#body"}
			}
		}
	],
	"display": {
		"fixed": {
			"rotation": [0, 90, 0],
			"scale": [0.5, 0.5, 0.5]
		}
	}
}